{
  "hash": "cb83f3ef",
  "configHash": "f3004f2e",
  "lockfileHash": "ac6eb207",
  "browserHash": "daa97fd9",
  "optimized": {
    "@angular/common": {
      "src": "../../../../../node_modules/@angular/common/fesm2022/common.mjs",
      "file": "@angular_common.js",
      "fileHash": "b9751f53",
      "needsInterop": false
    },
    "@angular/core": {
      "src": "../../../../../node_modules/@angular/core/fesm2022/core.mjs",
      "file": "@angular_core.js",
      "fileHash": "85883fcb",
      "needsInterop": false
    },
    "@angular/forms": {
      "src": "../../../../../node_modules/@angular/forms/fesm2022/forms.mjs",
      "file": "@angular_forms.js",
      "fileHash": "7aa75c57",
      "needsInterop": false
    },
    "@angular/platform-browser": {
      "src": "../../../../../node_modules/@angular/platform-browser/fesm2022/platform-browser.mjs",
      "file": "@angular_platform-browser.js",
      "fileHash": "bbc02bef",
      "needsInterop": false
    },
    "@angular/platform-browser/animations": {
      "src": "../../../../../node_modules/@angular/platform-browser/fesm2022/animations.mjs",
      "file": "@angular_platform-browser_animations.js",
      "fileHash": "b350fbf0",
      "needsInterop": false
    },
    "@angular/router": {
      "src": "../../../../../node_modules/@angular/router/fesm2022/router.mjs",
      "file": "@angular_router.js",
      "fileHash": "cafab601",
      "needsInterop": false
    },
    "@swimlane/ngx-charts": {
      "src": "../../../../../node_modules/@swimlane/ngx-charts/fesm2020/swimlane-ngx-charts.mjs",
      "file": "@swimlane_ngx-charts.js",
      "fileHash": "7ca6d165",
      "needsInterop": false
    },
    "primeng/api": {
      "src": "../../../../../node_modules/primeng/fesm2022/primeng-api.mjs",
      "file": "primeng_api.js",
      "fileHash": "1d8784d0",
      "needsInterop": false
    },
    "primeng/button": {
      "src": "../../../../../node_modules/primeng/fesm2022/primeng-button.mjs",
      "file": "primeng_button.js",
      "fileHash": "8b910b89",
      "needsInterop": false
    },
    "primeng/dialog": {
      "src": "../../../../../node_modules/primeng/fesm2022/primeng-dialog.mjs",
      "file": "primeng_dialog.js",
      "fileHash": "4c6831a1",
      "needsInterop": false
    },
    "primeng/dropdown": {
      "src": "../../../../../node_modules/primeng/fesm2022/primeng-dropdown.mjs",
      "file": "primeng_dropdown.js",
      "fileHash": "5a2dae71",
      "needsInterop": false
    },
    "primeng/inputnumber": {
      "src": "../../../../../node_modules/primeng/fesm2022/primeng-inputnumber.mjs",
      "file": "primeng_inputnumber.js",
      "fileHash": "d3ee9afb",
      "needsInterop": false
    },
    "primeng/inputtext": {
      "src": "../../../../../node_modules/primeng/fesm2022/primeng-inputtext.mjs",
      "file": "primeng_inputtext.js",
      "fileHash": "cb5e9376",
      "needsInterop": false
    },
    "primeng/selectbutton": {
      "src": "../../../../../node_modules/primeng/fesm2022/primeng-selectbutton.mjs",
      "file": "primeng_selectbutton.js",
      "fileHash": "6974af86",
      "needsInterop": false
    },
    "primeng/table": {
      "src": "../../../../../node_modules/primeng/fesm2022/primeng-table.mjs",
      "file": "primeng_table.js",
      "fileHash": "e9a04cad",
      "needsInterop": false
    },
    "primeng/splitter": {
      "src": "../../../../../node_modules/primeng/fesm2022/primeng-splitter.mjs",
      "file": "primeng_splitter.js",
      "fileHash": "1ab6c90d",
      "needsInterop": false
    },
    "primeng/card": {
      "src": "../../../../../node_modules/primeng/fesm2022/primeng-card.mjs",
      "file": "primeng_card.js",
      "fileHash": "a7e32a5b",
      "needsInterop": false
    }
  },
  "chunks": {
    "chunk-6XCMAKCK": {
      "file": "chunk-6XCMAKCK.js"
    },
    "chunk-XKLDDIGQ": {
      "file": "chunk-XKLDDIGQ.js"
    },
    "chunk-3M6SINA2": {
      "file": "chunk-3M6SINA2.js"
    },
    "chunk-XIHFJRFG": {
      "file": "chunk-XIHFJRFG.js"
    },
    "chunk-CS2SOQX6": {
      "file": "chunk-CS2SOQX6.js"
    },
    "chunk-YO4QQFN2": {
      "file": "chunk-YO4QQFN2.js"
    },
    "chunk-F6IJ26N2": {
      "file": "chunk-F6IJ26N2.js"
    },
    "chunk-PTUPHTSH": {
      "file": "chunk-PTUPHTSH.js"
    },
    "chunk-D6NBZG3Z": {
      "file": "chunk-D6NBZG3Z.js"
    },
    "chunk-UWZHSQRF": {
      "file": "chunk-UWZHSQRF.js"
    },
    "chunk-LAPS46TG": {
      "file": "chunk-LAPS46TG.js"
    },
    "chunk-TKJMWDM5": {
      "file": "chunk-TKJMWDM5.js"
    },
    "chunk-5ZG76YS2": {
      "file": "chunk-5ZG76YS2.js"
    },
    "chunk-X5DVJFD2": {
      "file": "chunk-X5DVJFD2.js"
    },
    "chunk-BNSKJIBN": {
      "file": "chunk-BNSKJIBN.js"
    }
  }
}